"id","category","name","price","salePrice","sale","url"
"1","Consoles","GRA KONSOLA TV RETRO PEGASUS 620 GRY PADY MARIO","52,90 zł","99,00 zł","-46%","https://allegro.pl/oferta/gra-konsola-tv-retro-pegasus-620-gry-pady-mario-10417683749"
"2","Consoles","STACJA DOKUJĄCA PS4 ŁADOWARKA NA 2 KONTROLERY PADY","40,00 zł z kurierem","99,99 zł","-59%","https://allegro.pl/oferta/stacja-dokujaca-ps4-ladowarka-na-2-kontrolery-pady-8478801845"
"3","Consoles","Konsola bezprzewodowa retro HD 4K 568 gier 2 pady","139,00 zł","249,99 zł","-44%","https://allegro.pl/oferta/konsola-bezprzewodowa-retro-hd-4k-568-gier-2-pady-9842631282"
"4","Consoles","Przenośna konsola X7 PLUS do gier bajek DUŻY EKRAN","188,90 zł","299,00 zł","-36%","https://allegro.pl/oferta/przenosna-konsola-x7-plus-do-gier-bajek-duzy-ekran-9192958664"
"5","Consoles","PS3 SLIM 320 GB +MOVE +KAMERA + PAD+GRY","479,00 zł","799,00 zł","-40%","https://allegro.pl/oferta/ps3-slim-320-gb-move-kamera-pad-gry-9429950488"
"6","Consoles","ŁADOWARKA STACJA DOKUJĄCA PADÓW XBOX ONE S/X 2xaku","79,95 zł z kurierem","129,90 zł","-38%","https://allegro.pl/oferta/ladowarka-stacja-dokujaca-padow-xbox-one-s-x-2xaku-9929402370"
"7","Consoles","KONSOLA PRZENOŚNA GRA X7 PREMIUM DUŻY EKRAN","169,00 zł","259,00 zł","-34%","https://allegro.pl/oferta/konsola-przenosna-gra-x7-premium-duzy-ekran-9976947613"
"8","Consoles","ELEKTRONICZNA GRA TETRIS WĘŻYK konsola kieszonkowa","9,99 zł z kurierem","40,99 zł","-75%","https://allegro.pl/oferta/elektroniczna-gra-tetris-wezyk-konsola-kieszonkowa-9751967297"
"9","Consoles","Konsola bezprzewodowa HD RETRO GRY PS3000 EMULATOR","269,99 zł","349,99 zł","-22%","https://allegro.pl/events/clicks?emission_unit_id=55def079-398e-453b-b3df-1f7ec20398af&emission_id=8e69a233-d29d-4702-8acd-9053d2a9c1e3&type=OFFER&ts=1616081353071&redirect=https%3A%2F%2Fallegro.pl%2Foferta%2Fkonsola-bezprzewodowa-hd-retro-gry-ps3000-emulator-10504372522%3Fbi_s%3Dads%26bi_m%3Dlisting%253Adesktop%253Acategory%26bi_c%3DMmY1NDZiZDAtZDE5YS00YTEzLTljOGYtOWE1OTdlYmQwNDEzAA%26bi_t%3Dape&placement=listing:desktop:category&sig=27bf782335825983c891ae7e4579ab8d"
"10","Consoles","Konsola bezprzewodowa HD RETRO GRY PS3000 EMULATOR","259,00 zł","349,00 zł","-25%","https://allegro.pl/oferta/konsola-bezprzewodowa-hd-retro-gry-ps3000-emulator-10504393568"
"11","Consoles","MINI KONSOLA DO GRY RETRO 400 GIER PRZENOŚNA + PAD","34,99 zł","249,99 zł","-86%","https://allegro.pl/oferta/mini-konsola-do-gry-retro-400-gier-przenosna-pad-10449548651"
"12","Consoles","Konsola bezprzewodowa HD RETRO GRY PS3000 EMULATOR","259,00 zł","389,00 zł","-33%","https://allegro.pl/oferta/konsola-bezprzewodowa-hd-retro-gry-ps3000-emulator-10499302907"
"13","Consoles","Konsola bezprzewodowa HD RETRO GRY PS3000 EMULATOR","259,00 zł","379,00 zł","-31%","https://allegro.pl/oferta/konsola-bezprzewodowa-hd-retro-gry-ps3000-emulator-10498869151"
"14","Consoles","Konsola bezprzewodowa retro HD 4K 568 gier 2 pady","129,00 zł","279,99 zł","-53%","https://allegro.pl/oferta/konsola-bezprzewodowa-retro-hd-4k-568-gier-2-pady-9842346359"
"15","Consoles","MINI PRZENOŚNA KONSOLA RETRO GRA 400 W 1 GAMEBOY","31,50 zł","49,00 zł","-35%","https://allegro.pl/oferta/mini-przenosna-konsola-retro-gra-400-w-1-gameboy-10417692834"
"16","Consoles","ADAPTER DO KINECT 2.0. Xbox one S / X / Windows PC","129,90 zł z kurierem","229,90 zł","-43%","https://allegro.pl/oferta/adapter-do-kinect-2-0-xbox-one-s-x-windows-pc-10080496853"
"17","Consoles","PRZENOŚNA KONSOLA DO GIER X12 GAME BOY 5cal jęz PL","189,90 zł z kurierem","279,90 zł","-32%","https://allegro.pl/oferta/przenosna-konsola-do-gier-x12-game-boy-5cal-jez-pl-10005673444"
"18","Consoles","STACJA DOKUJĄCA PS4 ŁADOWARKA 2 PADY KONTROLER PAD","56,00 zł z kurierem","89,90 zł","-37%","https://allegro.pl/oferta/stacja-dokujaca-ps4-ladowarka-2-pady-kontroler-pad-9929894454"
"19","Consoles","Ładowarka stacja dokująca 2x PAD kontroler PS4 LED","40,00 zł z kurierem","69,00 zł","-42%","https://allegro.pl/oferta/ladowarka-stacja-dokujaca-2x-pad-kontroler-ps4-led-9924174440"
"20","Consoles","Konsola bezprzewodowa HD RETRO GRY PS3000 EMULATOR","259,00 zł","379,00 zł","-31%","https://allegro.pl/events/clicks?emission_unit_id=454b6682-097c-4b1d-931c-262303475c90&emission_id=8e69a233-d29d-4702-8acd-9053d2a9c1e3&type=OFFER&ts=1616081353071&redirect=https%3A%2F%2Fallegro.pl%2Foferta%2Fkonsola-bezprzewodowa-hd-retro-gry-ps3000-emulator-10498869151%3Fbi_s%3Dads%26bi_m%3Dlisting%253Adesktop%253Acategory%26bi_c%3DOGE3ODRlMGUtYmZhYy00YTBjLWEwY2MtZjRiYmNhNWZjZjg1AA%26bi_t%3Dape&placement=listing:desktop:category&sig=14952e8d0e639ee93ac00b0d08ee2a43"
"21","Consoles","ELEKTRONICZNA GRA TETRIS WĘŻYK I INNE KIESZONKOWA","21,99 zł z kurierem","25,00 zł","-12%","https://allegro.pl/oferta/elektroniczna-gra-tetris-wezyk-i-inne-kieszonkowa-8520744251"
"22","Consoles","SUP GAME KONSOLA PRZENOŚNA GAME BOY 400 GIER","41,79 zł","65,00 zł","-35%","https://allegro.pl/oferta/sup-game-konsola-przenosna-game-boy-400-gier-10504141562"
"23","Consoles","KONSOLA przenośna RETRO RONEBERG RX9 20000 GIER","199,00 zł","399,00 zł","-50%","https://allegro.pl/oferta/konsola-przenosna-retro-roneberg-rx9-20000-gier-9991184661"
"24","Consoles","Konsola bezprzewodowa HD RETRO GRY PS3000 EMULATOR","269,99 zł","349,99 zł","-22%","https://allegro.pl/oferta/konsola-bezprzewodowa-hd-retro-gry-ps3000-emulator-10504372522"
"25","Consoles","PRZENOŚNA KONSOLA DO GIER X12 GAME BOY 5cal jęz PL","189,90 zł z kurierem","279,90 zł","-32%","https://allegro.pl/oferta/przenosna-konsola-do-gier-x12-game-boy-5cal-jez-pl-10005663886"
"26","Consoles","GRA ELEKTRONICZNA, KONSOLA DLA DZIECI","69,00 zł","119,00 zł","-42%","https://allegro.pl/oferta/gra-elektroniczna-konsola-dla-dzieci-10007688510"
"27","Consoles","Ładowarka stacja dokująca PAD2xaku 1200Ah XBOX one","79,90 zł z kurierem","109,00 zł","-26%","https://allegro.pl/oferta/ladowarka-stacja-dokujaca-pad2xaku-1200ah-xbox-one-9920248509"
"28","Consoles","KONSOLA DO GIER X12 PLUS 7cal PRZENOŚNA + 16GB","279,90 zł z kurierem","319,90 zł","-12%","https://allegro.pl/oferta/konsola-do-gier-x12-plus-7cal-przenosna-16gb-10216282540"
"29","Consoles","KONSOLA DO GIER X12 PLUS 7cal PRZENOŚNA + 8000 GRY","269,90 zł z kurierem","319,90 zł","-15%","https://allegro.pl/oferta/konsola-do-gier-x12-plus-7cal-przenosna-8000-gry-9993480561"
"30","Consoles","500 GIER DLA 2 GRACZY MINI KONSOLA RETRO EKRAN 3.0","48,80 zł","99,00 zł","-50%","https://allegro.pl/oferta/500-gier-dla-2-graczy-mini-konsola-retro-ekran-3-0-9197796988"
"31","Consoles","KONSOLA PRZENOŚNA RX7 - 300 GIER PSP RETRO MP5","219,00 zł z kurierem","399,00 zł","-45%","https://allegro.pl/events/clicks?emission_unit_id=4f86da71-d51f-4b8d-9a0b-d8df3761a78e&emission_id=8e69a233-d29d-4702-8acd-9053d2a9c1e3&type=OFFER&ts=1616081353071&redirect=https%3A%2F%2Fallegro.pl%2Foferta%2Fkonsola-przenosna-rx7-300-gier-psp-retro-mp5-9433375609%3Fbi_s%3Dads%26bi_m%3Dlisting%253Adesktop%253Acategory%26bi_c%3DM2VjNTg4ZTEtNDgwMS00MzQ5LThlZDktZWMwM2ZiZGNiMGJmAA%26bi_t%3Dape&placement=listing:desktop:category&sig=96275956dd4b953b48fa90b7095d0c65"
"32","Consoles","PEGASUS MINI KONSOLA PRZENOŚNA 400 GIER PEGAZUS","74,00 zł z kurierem","169,00 zł","-56%","https://allegro.pl/oferta/pegasus-mini-konsola-przenosna-400-gier-pegazus-8300719543"
"33","Consoles","KONSOLA przenośna RETRO ekran 4,3 8G 1000 GIER RX6","199,00 zł","299,00 zł","-33%","https://allegro.pl/oferta/konsola-przenosna-retro-ekran-4-3-8g-1000-gier-rx6-9458367033"
"34","Consoles","MINI KONSOLA PRZENOŚNA 400 GIER RETRO EKRAN 3.0''","74,00 zł z kurierem","169,00 zł","-56%","https://allegro.pl/oferta/mini-konsola-przenosna-400-gier-retro-ekran-3-0-8300697677"
"35","Consoles","Konsola do gier Mini SUP RETRO 3' ekran - 400 gier","40,00 zł z kurierem","99,00 zł","-59%","https://allegro.pl/oferta/konsola-do-gier-mini-sup-retro-3-ekran-400-gier-8869434386"
"36","Consoles","PS3 SUPER SLIM 500 GB +MOVE +KAMERA + 2 X PAD+GRY","569,00 zł","899,00 zł","-36%","https://allegro.pl/oferta/ps3-super-slim-500-gb-move-kamera-2-x-pad-gry-9379601011"
"37","Consoles","KONSOLA PRZENOŚNA RX7 - 300 GIER PSP RETRO MP5","219,00 zł z kurierem","399,00 zł","-45%","https://allegro.pl/oferta/konsola-przenosna-rx7-300-gier-psp-retro-mp5-9433375609"
"38","Consoles","KONSOLA przenośna RETRO RONEBERG RX9 20000 GIER","199,00 zł z kurierem","399,00 zł","-50%","https://allegro.pl/oferta/konsola-przenosna-retro-roneberg-rx9-20000-gier-9433336035"
"39","Consoles","Kontroler MICROSOFT XBOX ONE Elite 2","729,00 zł","799,00 zł","-8%","https://allegro.pl/oferta/kontroler-microsoft-xbox-one-elite-2-8637675157"
"40","Consoles","Mini Konsola Przenośna RONEBERG 2019 - 400 GIER!","88,00 zł z kurierem","399,00 zł","-77%","https://allegro.pl/oferta/mini-konsola-przenosna-roneberg-2019-400-gier-7878310006"
"41","Consoles","Konsola bezprzewodowa HD RETRO GRY PS3000 EMULATOR","259,00 zł","349,00 zł","-25%","https://allegro.pl/events/clicks?emission_unit_id=7d55fead-f112-4832-a186-5bdc1a4e1ef0&emission_id=8e69a233-d29d-4702-8acd-9053d2a9c1e3&type=OFFER&ts=1616081353072&redirect=https%3A%2F%2Fallegro.pl%2Foferta%2Fkonsola-bezprzewodowa-hd-retro-gry-ps3000-emulator-10504393568%3Fbi_s%3Dads%26bi_m%3Dlisting%253Adesktop%253Acategory%26bi_c%3DMWM0Zjc2NzAtZTZmZi00M2M3LWFhMzItNjQ3NTFiZGUzZDVkAA%26bi_t%3Dape&placement=listing:desktop:category&sig=dd74e5afc129d5533b935129b784f0d6"
"42","Consoles","KONSOLA PRZENOŚNA X19 PLUS - PSP RETRO 10TYS. GIER","249,99 zł z kurierem","399,00 zł","-37%","https://allegro.pl/oferta/konsola-przenosna-x19-plus-psp-retro-10tys-gier-9992063202"
"43","Consoles","MINI KONSOLA PEGASUS 400 GIER GAMEBOY","51,00 zł z kurierem","199,00 zł","-74%","https://allegro.pl/oferta/mini-konsola-pegasus-400-gier-gameboy-9627113291"
"44","Consoles","Kontroler MICROSOFT XBOX ONE Elite 2","729,00 zł","799,00 zł","-8%","https://allegro.pl/oferta/kontroler-microsoft-xbox-one-elite-2-9784007487"
"45","Consoles","KONTROLER PAD BEZPRZEWODOWY XBOX 360 DUALSHOCK","109,90 zł","139,00 zł","-20%","https://allegro.pl/oferta/kontroler-pad-bezprzewodowy-xbox-360-dualshock-9431686480"
"46","Consoles","ZESTAW XBOX 360 SLIM 4gb + PAD+GRY+HDMI","299,00 zł","499,00 zł","-40%","https://allegro.pl/oferta/zestaw-xbox-360-slim-4gb-pad-gry-hdmi-7781717443"
"47","Consoles","ŁADOWARKA STACJA DOKUJĄCA BIAŁA XBOX SERIES X","139,90 zł","159,90 zł","-12%","https://allegro.pl/oferta/ladowarka-stacja-dokujaca-biala-xbox-series-x-10110142802"
"48","Consoles","NOWA KONSOLA NINTENDO SWITCH NEON V2 NOWY MODEL","1 509,00 zł","1699,00 zł","-11%","https://allegro.pl/oferta/nowa-konsola-nintendo-switch-neon-v2-nowy-model-9709160142"
"49","Consoles","Mini KONSOLA RETRO PRZENOŚNA 3'' PEGASUS 400 GIER","40,00 zł z kurierem","99,00 zł","-59%","https://allegro.pl/oferta/mini-konsola-retro-przenosna-3-pegasus-400-gier-8541717817"
"50","Consoles","KONTROLER PAD BEZPRZEWODOWY XBOX 360 DUALSHOCK","109,90 zł","139,00 zł","-20%","https://allegro.pl/oferta/kontroler-pad-bezprzewodowy-xbox-360-dualshock-9431671299"
"51","Consoles","NAKŁADKI GUMKI GRIPY ANALOGI PADA PS4 PS3 XBOX ONE","5,99 zł z kurierem","39,00 zł","-84%","https://allegro.pl/oferta/nakladki-gumki-gripy-analogi-pada-ps4-ps3-xbox-one-9259509797"
"52","Consoles","KONSOLA przenośna RETRO RONEBERG RX9 20000 GIER","199,00 zł","399,00 zł","-50%","https://allegro.pl/events/clicks?emission_unit_id=d26f91c4-7b5b-45ff-9343-1f9ba8bb5515&emission_id=8e69a233-d29d-4702-8acd-9053d2a9c1e3&type=OFFER&ts=1616081353072&redirect=https%3A%2F%2Fallegro.pl%2Foferta%2Fkonsola-przenosna-retro-roneberg-rx9-20000-gier-9991184661%3Fbi_s%3Dads%26bi_m%3Dlisting%253Adesktop%253Acategory%26bi_c%3DOTQ1MmU5NjktYTg5Zi00ZGEyLWFlYjMtNjE1ZWFhODExYzFkAA%26bi_t%3Dape&placement=listing:desktop:category&sig=48ec00e3b918c8c3e4c1d2ae3fb02f03"
"53","Consoles","RETRO PEGAZUS KONSOLA 821GIER HDMI + PADY","199,00 zł","299,00 zł","-33%","https://allegro.pl/oferta/retro-pegazus-konsola-821gier-hdmi-pady-9504965395"
"54","Consoles","NOWA KONSOLA NINTENDO SWITCH NEON V2 NOWY MODEL","1 509,00 zł","1899,00 zł","-20%","https://allegro.pl/oferta/nowa-konsola-nintendo-switch-neon-v2-nowy-model-9389607640"
"55","Consoles","GRA TELEWIZYJNA KONSOLA TV PEGASUS PEGAZUS + GRY","69,99 zł z kurierem","299,00 zł","-76%","https://allegro.pl/oferta/gra-telewizyjna-konsola-tv-pegasus-pegazus-gry-9378226727"
"56","Consoles","STACJA DOKUJĄCA PS4 ŁADOWARKA NA 2 KONTROLERY PADY","109,90 zł","119,90 zł","-8%","https://allegro.pl/oferta/stacja-dokujaca-ps4-ladowarka-na-2-kontrolery-pady-8390910532"
"57","Consoles","STACJA DOKUJĄCA ŁADOWARKA POJEDYNCZA DO PADÓW PS5","79,90 zł","99,90 zł","-20%","https://allegro.pl/oferta/stacja-dokujaca-ladowarka-pojedyncza-do-padow-ps5-10109993911"
"58","Consoles","GRA TELEWIZYJNA KONSOLA TV PEGASUS PEGAZUS + GRY","139,00 zł z kurierem","157,00 zł","-11%","https://allegro.pl/oferta/gra-telewizyjna-konsola-tv-pegasus-pegazus-gry-10089400404"
"59","Consoles","NOWA KONSOLA NINTENDO SWITCH GRAY V2 NOWY MODEL","1 509,00 zł","1699,00 zł","-11%","https://allegro.pl/oferta/nowa-konsola-nintendo-switch-gray-v2-nowy-model-9709402592"
"60","Consoles","BEZPRZEWODOWA KONSOLA EMULATOR PLAYSTATION GAMBOY","219,00 zł z kurierem","315,00 zł","-30%","https://allegro.pl/oferta/bezprzewodowa-konsola-emulator-playstation-gamboy-10150400528"
"61","Consoles","BATERIE AKUMULATORY DO PADÓW XBOX SERIES X VENOM","99,90 zł","109,90 zł","-9%","https://allegro.pl/oferta/baterie-akumulatory-do-padow-xbox-series-x-venom-9935638731"
"62","Consoles","MINI KONSOLA TV RETRO 8BIT 620GIER PEGASUS NES PS1","79,00 zł z kurierem","97,90 zł","-19%","https://allegro.pl/oferta/mini-konsola-tv-retro-8bit-620gier-pegasus-nes-ps1-10438799973"
"63","Consoles","MINI KONSOLA RETRO GRA PRZENOŚNA DO TELEWIZORA TV","40,00 zł z kurierem","199,00 zł","-79%","https://allegro.pl/events/clicks?emission_unit_id=22b4b2ae-209f-4bf8-b1c1-16e35e3cfd26&emission_id=8e69a233-d29d-4702-8acd-9053d2a9c1e3&type=OFFER&ts=1616081353072&redirect=https%3A%2F%2Fallegro.pl%2Foferta%2Fmini-konsola-retro-gra-przenosna-do-telewizora-tv-9466776476%3Fbi_s%3Dads%26bi_m%3Dlisting%253Adesktop%253Acategory%26bi_c%3DZjJhMmUwMWEtYmY3Ni00ZGY1LThlNzMtMWZhZjIzNzBiNDRjAA%26bi_t%3Dape&placement=listing:desktop:category&sig=cb32f323aaa798b48da183d1f179db64"
"64","Consoles","RETRO PRZENOŚNA KONSOLA 360 GIER WIDEO TV + 2 PADY","129,97 zł","349,97 zł","-62%","https://allegro.pl/events/clicks?emission_unit_id=76ddc407-bd12-4700-a4df-08816cc2a31b&emission_id=8e69a233-d29d-4702-8acd-9053d2a9c1e3&type=OFFER&ts=1616081353072&redirect=https%3A%2F%2Fallegro.pl%2Foferta%2Fretro-przenosna-konsola-360-gier-wideo-tv-2-pady-9864441750%3Fbi_s%3Dads%26bi_m%3Dlisting%253Adesktop%253Acategory%26bi_c%3DMjA4MDg2NzAtN2Y1Yi00ZTZkLWFjY2QtMjFjMTdhMjJjOWEyAA%26bi_t%3Dape&placement=listing:desktop:category&sig=0083cd0f01faa2b15e78a95890dbf1ca"
"65","Consoles","VENOM BATERIA AKUMULATOR x2 PADÓW XBOX 360 + KABEL","69,90 zł","79,90 zł","-12%","https://allegro.pl/oferta/venom-bateria-akumulator-x2-padow-xbox-360-kabel-9132945519"
"66","Consoles","ŁADOWARKA STACJA DOKUJĄCA POJEDYNCZA XBOX SERIES X","99,90 zł","129,90 zł","-23%","https://allegro.pl/oferta/ladowarka-stacja-dokujaca-pojedyncza-xbox-series-x-10110084494"
"67","Consoles","MINI KONSOLA PRZENOŚNA GB-60 PLUS 300 GIER","94,99 zł","199,00 zł","-52%","https://allegro.pl/oferta/mini-konsola-przenosna-gb-60-plus-300-gier-9655357699"
"68","Consoles","PRZENOŚNA KONSOLA DO GIER X12 GAME BOY 5cal jęz PL","169,90 zł z kurierem","189,90 zł","-10%","https://allegro.pl/oferta/przenosna-konsola-do-gier-x12-game-boy-5cal-jez-pl-9667875257"
"69","Consoles","ETUI FUTERAŁ + SZKŁO 3W1 NINTENDO SWITCH LITE","69,90 zł","79,90 zł","-12%","https://allegro.pl/oferta/etui-futeral-szklo-3w1-nintendo-switch-lite-8732320309"
"70","Consoles","MINI KONSOLA PRZENOŚNA PLUS 400 GIER RETRO EKRAN","74,00 zł z kurierem","169,00 zł","-56%","https://allegro.pl/oferta/mini-konsola-przenosna-plus-400-gier-retro-ekran-8300730394"
"71","Consoles","RETRO PRZENOŚNA KONSOLA 360 GIER WIDEO TV + 2 PADY","129,97 zł","349,97 zł","-62%","https://allegro.pl/oferta/retro-przenosna-konsola-360-gier-wideo-tv-2-pady-9864441750"
"72","Consoles","MINI KONSOLA TV RETRO 8BIT 620GIER PEGASUS NES PS1","79,00 zł z kurierem","97,90 zł","-19%","https://allegro.pl/oferta/mini-konsola-tv-retro-8bit-620gier-pegasus-nes-ps1-10438795853"
"73","Consoles","Konsola bezprzewodowa HD RETRO GRY PS3000 EMULATOR","269,99 zł","349,99 zł","-22%","https://allegro.pl/events/clicks?emission_unit_id=41263b8a-75e0-4a3a-aa30-75796fda7ca9&emission_id=f9a978a1-092b-45d0-8708-507c9c900101&type=OFFER&ts=1616081353540&redirect=https%3A%2F%2Fallegro.pl%2Foferta%2Fkonsola-bezprzewodowa-hd-retro-gry-ps3000-emulator-10504372522%3Fbi_s%3Dads%26bi_m%3Dlisting%253Adesktop%253Acategory%26bi_c%3DMmY1NDZiZDAtZDE5YS00YTEzLTljOGYtOWE1OTdlYmQwNDEzAA%26bi_t%3Dape&placement=listing:desktop:category&sig=5d143ce7dea2a39c70bad764a2a299f9"
"74","Consoles","BEZPRZEWODOWY ODBIORNIK ADAPTER XBOX ONE + BATERIA","59,99 zł","89,90 zł","-33%","https://allegro.pl/oferta/bezprzewodowy-odbiornik-adapter-xbox-one-bateria-9107680499"
"75","Consoles","ŁADOWARKA STACJA DOKUJĄCA POJEDYNCZA XBOX SERIES X","99,90 zł","129,90 zł","-23%","https://allegro.pl/oferta/ladowarka-stacja-dokujaca-pojedyncza-xbox-series-x-10110239146"
"76","Consoles","PRZENOŚNA KONSOLA DO GIER X6 GAME BOY 4,3cal jęzPL","159,90 zł z kurierem","179,90 zł","-11%","https://allegro.pl/oferta/przenosna-konsola-do-gier-x6-game-boy-4-3cal-jezpl-9716398811"
"77","Consoles","ETUI FUTERAŁ + SZKŁO 3W1 NINTENDO SWITCH LITE","69,90 zł","79,90 zł","-12%","https://allegro.pl/oferta/etui-futeral-szklo-3w1-nintendo-switch-lite-8732336376"
"78","Consoles","Mini Konsola Przenośna RONEBERG 2019 - 400 GIER!","79,00 zł","139,00 zł","-43%","https://allegro.pl/oferta/mini-konsola-przenosna-roneberg-2019-400-gier-9847502557"
"79","Consoles","KOSZYK KLAPKA BATERIE BATERII PADA PAD XBOX360","8,99 zł z kurierem","35,00 zł","-74%","https://allegro.pl/oferta/koszyk-klapka-baterie-baterii-pada-pad-xbox360-9818408256"
"80","Consoles","MINI KONSOLA RETRO GAMEBOY 400 GRA PEGASUS 3'' PAD","68,99 zł z kurierem","139,00 zł","-50%","https://allegro.pl/oferta/mini-konsola-retro-gameboy-400-gra-pegasus-3-pad-8827675235"
"81","Consoles","Podwójna stacja dokująca ładowarka do padów PS5","79,99 zł","99,99 zł","-20%","https://allegro.pl/oferta/podwojna-stacja-dokujaca-ladowarka-do-padow-ps5-10244123760"
"82","Consoles","PRZENOŚNA KONSOLA DO GIER X12 GAME BOY 5cal jęz PL","209,90 zł z kurierem","279,90 zł","-25%","https://allegro.pl/oferta/przenosna-konsola-do-gier-x12-game-boy-5cal-jez-pl-9771551376"
"83","Consoles","ETUI TORBA POKROWIEC KONSOLA NINTENDO SWITCH","49,99 zł z kurierem","149,00 zł","-66%","https://allegro.pl/oferta/etui-torba-pokrowiec-konsola-nintendo-switch-9737043564"
"84","Consoles","Konsola bezprzewodowa HD RETRO GRY PS3000 EMULATOR","259,00 zł","379,00 zł","-31%","https://allegro.pl/events/clicks?emission_unit_id=13aeb123-0f20-497f-b385-86ffe4ead2ca&emission_id=f9a978a1-092b-45d0-8708-507c9c900101&type=OFFER&ts=1616081353540&redirect=https%3A%2F%2Fallegro.pl%2Foferta%2Fkonsola-bezprzewodowa-hd-retro-gry-ps3000-emulator-10498869151%3Fbi_s%3Dads%26bi_m%3Dlisting%253Adesktop%253Acategory%26bi_c%3DOGE3ODRlMGUtYmZhYy00YTBjLWEwY2MtZjRiYmNhNWZjZjg1AA%26bi_t%3Dape&placement=listing:desktop:category&sig=7720246253c3ff966236dd6816bb21dd"
"85","Consoles","KONSOLA PRZENOŚNA RETRO GAMEBOY 333GIER SKŁADANA","49,00 zł z kurierem","65,00 zł","-24%","https://allegro.pl/oferta/konsola-przenosna-retro-gameboy-333gier-skladana-10459630617"
"86","Consoles","ELEKTRONICZNA GRA TETRIS + 9999 GRY KONSOLA","12,00 zł z kurierem","19,00 zł","-36%","https://allegro.pl/oferta/elektroniczna-gra-tetris-9999-gry-konsola-7630415026"
"87","Consoles","Podwójna stacja dokująca ładowarka do padów PS5","79,99 zł","99,99 zł","-20%","https://allegro.pl/oferta/podwojna-stacja-dokujaca-ladowarka-do-padow-ps5-10248693674"
"88","Consoles","PRZENOŚNA KONSOLA RX1 EKRAN 4,3"" 8 GB GAMEBOY","179,99 zł","299,00 zł","-39%","https://allegro.pl/oferta/przenosna-konsola-rx1-ekran-4-3-8-gb-gameboy-9458367233"
"89","Consoles","KONSOLA DO GIER PRZENOŚNA X6 GAME BOY RETRO BAJKI","179,90 zł z kurierem","189,90 zł","-5%","https://allegro.pl/oferta/konsola-do-gier-przenosna-x6-game-boy-retro-bajki-9820139822"
"90","Consoles","ŁADOWARKA POWER BANK BATERIA NINTENDO 10000mAh","179,90 zł","199,90 zł","-10%","https://allegro.pl/oferta/ladowarka-power-bank-bateria-nintendo-10000mah-8400061587"
"91","Consoles","VENOM BATERIA AKUMULATOR x2 PADÓW XBOX 360 + KABEL","69,90 zł","79,90 zł","-12%","https://allegro.pl/oferta/venom-bateria-akumulator-x2-padow-xbox-360-kabel-9132948118"
"92","Consoles","Nyko Wireless Clear Pad Pro Bezprzewodowy Switch","124,99 zł z kurierem","149,99 zł","-16%","https://allegro.pl/oferta/nyko-wireless-clear-pad-pro-bezprzewodowy-switch-8626866171"
"93","Consoles","PXP3 RETRO KONSOLA DO GIER WIDEO TV + GRATIS ETUI","99,97 zł","249,97 zł","-60%","https://allegro.pl/oferta/pxp3-retro-konsola-do-gier-wideo-tv-gratis-etui-9864546272"
"94","Consoles","Mini konsola przenośna Retro 168 gier - Czarna","99,00 zł z kurierem","139,00 zł","-28%","https://allegro.pl/oferta/mini-konsola-przenosna-retro-168-gier-czarna-7644809187"
"95","Consoles","KONSOLA PRZENOŚNA RX7 - 300 GIER PSP RETRO MP5","219,00 zł z kurierem","399,00 zł","-45%","https://allegro.pl/events/clicks?emission_unit_id=a2e6b438-b0b4-4365-ace6-84b8c74fa42b&emission_id=f9a978a1-092b-45d0-8708-507c9c900101&type=OFFER&ts=1616081353540&redirect=https%3A%2F%2Fallegro.pl%2Foferta%2Fkonsola-przenosna-rx7-300-gier-psp-retro-mp5-9433375609%3Fbi_s%3Dads%26bi_m%3Dlisting%253Adesktop%253Acategory%26bi_c%3DM2VjNTg4ZTEtNDgwMS00MzQ5LThlZDktZWMwM2ZiZGNiMGJmAA%26bi_t%3Dape&placement=listing:desktop:category&sig=4d84989832237a1c85ef99a8f23ce44b"
"96","Consoles","KONSOLA DO GRY TV PEGASUS RETRO 620 GIER","79,00 zł z kurierem","89,00 zł","-11%","https://allegro.pl/oferta/konsola-do-gry-tv-pegasus-retro-620-gier-9938269494"
"97","Consoles","RETRO PRZENOŚNA KONSOLA 360 GIER WIDEO TV + 2 PADY","129,97 zł","349,97 zł","-62%","https://allegro.pl/oferta/retro-przenosna-konsola-360-gier-wideo-tv-2-pady-9864451158"
"98","Consoles","PXP3 RETRO KONSOLA DO GIER WIDEO TV + GRATIS ETUI","99,97 zł","249,97 zł","-60%","https://allegro.pl/oferta/pxp3-retro-konsola-do-gier-wideo-tv-gratis-etui-9864549322"
"99","Consoles","620 AV GRA TELEWIZYJNA KONSOLA PEGASUS RETRO","79,00 zł z kurierem","89,00 zł","-11%","https://allegro.pl/oferta/620-av-gra-telewizyjna-konsola-pegasus-retro-9938269539"
"100","Consoles","KONSOLA PRZENOŚNA Mini EKRAN 2.5 RETRO 152 GIER","89,00 zł z kurierem","189,00 zł","-52%","https://allegro.pl/oferta/konsola-przenosna-mini-ekran-2-5-retro-152-gier-7925984124"
"101","TV and video","MOCNY UCHWYT TV WIESZAK DO TELEWIZORA 32-65 CALI","45,00 zł","159,00 zł","-71%","https://allegro.pl/oferta/mocny-uchwyt-tv-wieszak-do-telewizora-32-65-cali-7818799072"
"102","TV and video","MOCNY OBROTOWY UCHWYT TV WIESZAK TELEWIZORA 23-65","79,00 zł z kurierem","199,00 zł","-60%","https://allegro.pl/oferta/mocny-obrotowy-uchwyt-tv-wieszak-telewizora-23-65-10411083442"
"103","TV and video","GenBOX H96 MAX 4/64GB ANDROID 10 SMART TV BOX KODI","199,99 zł z kurierem","289,99 zł","-31%","https://allegro.pl/oferta/genbox-h96-max-4-64gb-android-10-smart-tv-box-kodi-9615662511"
"104","TV and video","Kamera obrotowa IP WIFI zewnętrzna FULL HD 4X ZOOM","199,99 zł z kurierem","499,00 zł","-59%","https://allegro.pl/oferta/kamera-obrotowa-ip-wifi-zewnetrzna-full-hd-4x-zoom-8534636762"
"105","TV and video","Zestaw do monitoringu WiFi 4 kamery 2Mpx Full HD","799,99 zł","1399,99 zł","-42%","https://allegro.pl/oferta/zestaw-do-monitoringu-wifi-4-kamery-2mpx-full-hd-9681626243"
"106","TV and video","MOCNY UCHWYT ŚCIENNY TV DO TELEWIZORÓW 23-55 CALI","45,00 zł","89,99 zł","-49%","https://allegro.pl/oferta/mocny-uchwyt-scienny-tv-do-telewizorow-23-55-cali-7748457463"
"107","TV and video","ZEWNĘTRZNA KAMERA IP BEZPRZEWODOWA WIFI MONITORING","219,99 zł z kurierem","416,65 zł","-47%","https://allegro.pl/oferta/zewnetrzna-kamera-ip-bezprzewodowa-wifi-monitoring-8466068730"
"108","TV and video","ZEWNĘTRZNA KAMERA OBROTOWA IP WiFI 5Mpx 2592x1944p","349,99 zł z kurierem","499,99 zł","-30%","https://allegro.pl/oferta/zewnetrzna-kamera-obrotowa-ip-wifi-5mpx-2592x1944p-10144496292"
"109","TV and video","MOCNY UCHWYT TV ŚCIENNY DO TELEWIZORA 32 - 75 CALI","43,99 zł","299,00 zł","-85%","https://allegro.pl/events/clicks?emission_unit_id=0960627b-efbc-4c18-8b3a-4ee2d523c6cd&emission_id=66c4022e-b47e-4d48-b134-0cee87509db1&type=OFFER&ts=1616081351408&redirect=https%3A%2F%2Fallegro.pl%2Foferta%2Fmocny-uchwyt-tv-scienny-do-telewizora-32-75-cali-9038863364%3Fbi_s%3Dads%26bi_m%3Dlisting%253Adesktop%253Acategory%26bi_c%3DNzU3ODBiZjQtZDA4Zi00YTBkLThiZDktOTAzMTZjY2ExY2JjAA%26bi_t%3Dape&placement=listing:desktop:category&sig=3e809ace5d20ecf64359df430c1926de"
"110","TV and video","MOCNY UCHWYT TV WIESZAK DO TELEWIZORA 23-55 CALI","27,99 zł","99,00 zł","-71%","https://allegro.pl/oferta/mocny-uchwyt-tv-wieszak-do-telewizora-23-55-cali-7818906513"
"111","TV and video","ZEWNĘTRZNA KAMERA OBROTOWA IP WiFI 2Mpx 1920x1080p","189,99 zł z kurierem","349,99 zł","-45%","https://allegro.pl/oferta/zewnetrzna-kamera-obrotowa-ip-wifi-2mpx-1920x1080p-10144352714"
"112","TV and video","DEKODER TUNER TV NAZIEMNEJ HD DVB-T DVB-T2 / WiFi","109,99 zł","229,99 zł","-52%","https://allegro.pl/oferta/dekoder-tuner-tv-naziemnej-hd-dvb-t-dvb-t2-wifi-7866651469"
"113","TV and video","UCHWYT TV WIESZAK DO TELEWIZORA 23 - 55 40kg MOCNY","29,00 zł z kurierem","60,00 zł","-51%","https://allegro.pl/oferta/uchwyt-tv-wieszak-do-telewizora-23-55-40kg-mocny-7952563558"
"114","TV and video","MOCNY UCHWYT TV ŚCIENNY DO TELEWIZORA 32-75 CALI","117,99 zł","349,00 zł","-66%","https://allegro.pl/oferta/mocny-uchwyt-tv-scienny-do-telewizora-32-75-cali-7809246109"
"115","TV and video","Kamera Zewnętrzna Obrotowa 3MPx IP WIFI ZOOM 5X","199,99 zł z kurierem","449,00 zł","-55%","https://allegro.pl/oferta/kamera-zewnetrzna-obrotowa-3mpx-ip-wifi-zoom-5x-10188524862"
"116","TV and video","RZUTNIK PROJEKTOR LED FULL HD 4K ANDROID 300""","1 399,00 zł z kurierem","1999,00 zł","-30%","https://allegro.pl/oferta/rzutnik-projektor-led-full-hd-4k-android-300-9485740608"
"117","TV and video","Zewnętrzna Obrotowa Kamera 5MPX IP WiFi śledzenie","479,99 zł z kurierem","998,00 zł","-51%","https://allegro.pl/oferta/zewnetrzna-obrotowa-kamera-5mpx-ip-wifi-sledzenie-9555050551"
"118","TV and video","PROJEKTOR RZUTNIK LCD FULL HD 2500LM GŁOŚNIK 140''","339,99 zł","699,99 zł","-51%","https://allegro.pl/oferta/projektor-rzutnik-lcd-full-hd-2500lm-glosnik-140-9833706825"
"119","TV and video","ZEWNĘTRZNA kamera IP WIFI 2Mpx 4X ZOOM ZAPIS SD 64","149,00 zł z kurierem","299,00 zł","-50%","https://allegro.pl/oferta/zewnetrzna-kamera-ip-wifi-2mpx-4x-zoom-zapis-sd-64-8316092882"
"120","TV and video","UCHWYT WIESZAK TELEWIZORA SAMSUNG LG SONY 30- 65''","79,18 zł z kurierem","199,00 zł","-60%","https://allegro.pl/events/clicks?emission_unit_id=0df1e2bf-2214-480d-9a72-28dda46c3375&emission_id=66c4022e-b47e-4d48-b134-0cee87509db1&type=OFFER&ts=1616081351408&redirect=https%3A%2F%2Fallegro.pl%2Foferta%2Fuchwyt-wieszak-telewizora-samsung-lg-sony-30-65-9157800470%3Fbi_s%3Dads%26bi_m%3Dlisting%253Adesktop%253Acategory%26bi_c%3DYTE3NDkzM2EtZmNmMy00NzQ4LTlkZGItY2E4MjNhZjNmYWFjAA%26bi_t%3Dape&placement=listing:desktop:category&sig=31a1b17df334bfec83377557eecfb809"
"121","TV and video","KAMERA ZEWNĘTRZNA MONITORING HD WiFi IP ZOOM ALARM","235,00 zł z kurierem","499,00 zł","-52%","https://allegro.pl/oferta/kamera-zewnetrzna-monitoring-hd-wifi-ip-zoom-alarm-9081420267"
"122","TV and video","TELEWIZOR LED 55 cali 4K UHD SMART ANDROID 9 400Hz","1 590,00 zł","1748,00 zł","-9%","https://allegro.pl/oferta/telewizor-led-55-cali-4k-uhd-smart-android-9-400hz-10118753298"
"123","TV and video","Regulowany Uniwersalny UCHWYT WIESZAK TELEWIZORA","40,55 zł z kurierem","129,90 zł","-68%","https://allegro.pl/oferta/regulowany-uniwersalny-uchwyt-wieszak-telewizora-9571033413"
"124","TV and video","MOCNY UCHWYT TV ŚCIENNY DO TELEWIZORÓW 37-75 CALI","95,99 zł","229,00 zł","-58%","https://allegro.pl/oferta/mocny-uchwyt-tv-scienny-do-telewizorow-37-75-cali-8499378682"
"125","TV and video","KAMERA ZEWNĘTRZNA ŚLEDZENIE FHD WiFi IP ZOOM ALARM","242,00 zł z kurierem","510,00 zł","-52%","https://allegro.pl/oferta/kamera-zewnetrzna-sledzenie-fhd-wifi-ip-zoom-alarm-9754290746"
"126","TV and video","KAMERA MONITORINGU IP BEZPRZEWODOWA WIFI DVS 4Mpx","199,99 zł z kurierem","399,99 zł","-50%","https://allegro.pl/oferta/kamera-monitoringu-ip-bezprzewodowa-wifi-dvs-4mpx-9553370392"
"127","TV and video","ANDROID + SMART TV BOX +DEKODER MULITMEDIALNY + 4K","129,97 zł","289,99 zł","-55%","https://allegro.pl/oferta/android-smart-tv-box-dekoder-mulitmedialny-4k-9530875215"
"128","TV and video","ATRAPA KAMERY PRZEMYSŁOWEJ KAMERA KOPUŁKA DIODA","7,99 zł z kurierem","49,00 zł","-83%","https://allegro.pl/oferta/atrapa-kamery-przemyslowej-kamera-kopulka-dioda-9348486112"
"129","TV and video","TELEWIZOR led 50 SAMSUNG UE50TU8502U UHD Smart TV","1 949,00 zł","2099,00 zł","-7%","https://allegro.pl/oferta/telewizor-led-50-samsung-ue50tu8502u-uhd-smart-tv-9198103080"
"130","TV and video","TAŚMA LED RGB USB PILOT PODŚWIETLENIE TV LUSTRA","40,00 zł z kurierem","99,00 zł","-59%","https://allegro.pl/oferta/tasma-led-rgb-usb-pilot-podswietlenie-tv-lustra-8920697873"
"131","TV and video","MOCNY OBROTOWY UCHWYT TV WIESZAK TELEWIZORA 26-55","40,00 zł z kurierem","119,00 zł","-66%","https://allegro.pl/events/clicks?emission_unit_id=91255fee-5707-4212-8d8c-c462f3f5020e&emission_id=66c4022e-b47e-4d48-b134-0cee87509db1&type=OFFER&ts=1616081351408&redirect=https%3A%2F%2Fallegro.pl%2Foferta%2Fmocny-obrotowy-uchwyt-tv-wieszak-telewizora-26-55-10464297855%3Fbi_s%3Dads%26bi_m%3Dlisting%253Adesktop%253Acategory%26bi_c%3DMTcxMTIxM2YtNWRmMy00ZmNjLTg5YWQtYmJlODQwNjJjZjRmAA%26bi_t%3Dape&placement=listing:desktop:category&sig=416f7e124cc3fed92a228b0decb9fbb7"
"132","TV and video","MONITORING 8 MPX 4 KAMERY ZEWNĘTRZNE PODGLĄD P2P","1 199,88 zł z kurierem","2000,00 zł","-40%","https://allegro.pl/oferta/monitoring-8-mpx-4-kamery-zewnetrzne-podglad-p2p-8631716752"
"133","TV and video","KAMERA IP BEZPRZEWODOWA WIFI ZEWNĘTRZNA MONITORING","249,99 zł z kurierem","599,00 zł","-58%","https://allegro.pl/oferta/kamera-ip-bezprzewodowa-wifi-zewnetrzna-monitoring-9379305481"
"134","TV and video","ZESTAW DO MONITORINGU WI-FI 4 KAMERY 2Mpx FULL HD","849,00 zł","1399,00 zł","-39%","https://allegro.pl/oferta/zestaw-do-monitoringu-wi-fi-4-kamery-2mpx-full-hd-7811651786"
"135","TV and video","Obrotowy UCHWYT do telewizora wieszak TV LCD 32-60","84,90 zł z kurierem","189,00 zł","-55%","https://allegro.pl/oferta/obrotowy-uchwyt-do-telewizora-wieszak-tv-lcd-32-60-8148095208"
"136","TV and video","MOCNY UCHWYT ŚCIENNY TV DO TELEWIZORÓW 26-60 CALI","55,99 zł","139,99 zł","-60%","https://allegro.pl/oferta/mocny-uchwyt-scienny-tv-do-telewizorow-26-60-cali-8944666100"
"137","TV and video","TUNER NAZIEMNY HD DVB-T DVB-T2 ANTENA POKOJOWA","119,99 zł z kurierem","209,00 zł","-42%","https://allegro.pl/oferta/tuner-naziemny-hd-dvb-t-dvb-t2-antena-pokojowa-9540919704"
"138","TV and video","TELEWIZOR LED 40 THOMSON 40FE5606 Full HD Smart TV","1 129,00 zł","1299,00 zł","-13%","https://allegro.pl/oferta/telewizor-led-40-thomson-40fe5606-full-hd-smart-tv-8523072824"
"139","TV and video","DVB-T TUNER HD-102Mini DEKODER HD MUX8","45,00 zł","65,00 zł","-30%","https://allegro.pl/oferta/dvb-t-tuner-hd-102mini-dekoder-hd-mux8-8519111937"
"140","TV and video","Telewizor 42 CHiQ L42G6F Android SMART TV HDR10","1 279,00 zł z kurierem","1319,00 zł","-3%","https://allegro.pl/oferta/telewizor-42-chiq-l42g6f-android-smart-tv-hdr10-10053830957"
"141","TV and video","RUCHOMA ATRAPA KAMERY KAMERA Z SENSOREM RUCHU LED","29,99 zł z kurierem","122,00 zł","-75%","https://allegro.pl/oferta/ruchoma-atrapa-kamery-kamera-z-sensorem-ruchu-led-9348486933"
"142","TV and video","ZESTAW DO MONITORINGU 4 KAMERY FULL HD ZEWNĘTRZNE","599,00 zł","999,00 zł","-40%","https://allegro.pl/events/clicks?emission_unit_id=07fd8254-0285-45f1-941d-76bdbc398f57&emission_id=66c4022e-b47e-4d48-b134-0cee87509db1&type=OFFER&ts=1616081351408&redirect=https%3A%2F%2Fallegro.pl%2Foferta%2Fzestaw-do-monitoringu-4-kamery-full-hd-zewnetrzne-8009173839%3Fbi_s%3Dads%26bi_m%3Dlisting%253Adesktop%253Acategory%26bi_c%3DYWZmZjVmYzMtZmQ0NC00ZGRhLTliNzMtODMzZTExNDcwNDQxAA%26bi_t%3Dape&placement=listing:desktop:category&sig=c97761d0373839b1b63bdbd3c1e95d57"
"143","TV and video","ZESTAW MONITORINGU P2P 4 KAMERY 5 MPX 2K KOMPLETNY","849,88 zł z kurierem","1400,00 zł","-39%","https://allegro.pl/oferta/zestaw-monitoringu-p2p-4-kamery-5-mpx-2k-kompletny-8653904860"
"144","TV and video","UCHWYT DO TELEWIZORA REGULOWANY UCHYLNY VESA 32-65","45,00 zł z kurierem","99,00 zł","-54%","https://allegro.pl/oferta/uchwyt-do-telewizora-regulowany-uchylny-vesa-32-65-10174369252"
"145","TV and video","_Uniwersalny UCHWYT Wieszak Telewizora REGULOWANY","40,00 zł z kurierem","149,00 zł","-73%","https://allegro.pl/oferta/uniwersalny-uchwyt-wieszak-telewizora-regulowany-9919884748"
"146","TV and video","Antena siatkowa DVB-T TV MUX8 VHF Wzmacniacz 130km","59,90 zł z kurierem","99,90 zł","-40%","https://allegro.pl/oferta/antena-siatkowa-dvb-t-tv-mux8-vhf-wzmacniacz-130km-8024630321"
"147","TV and video","Bezprzewodowa kamera obrotowa IP WiFI 3Mpx","299,98 zł z kurierem","599,99 zł","-50%","https://allegro.pl/oferta/bezprzewodowa-kamera-obrotowa-ip-wifi-3mpx-9774195518"
"148","TV and video","RZUTNIK PROJEKTOR OVERMAX MULTIPIC 2.3 LED HD WIFI","369,99 zł z kurierem","499,00 zł","-25%","https://allegro.pl/oferta/rzutnik-projektor-overmax-multipic-2-3-led-hd-wifi-6120313413"
"149","TV and video","DEKODER DVB-T2 NAZIEMNA TELEWIZJA Z YOUTUBE I WIFI","129,97 zł","249,99 zł","-48%","https://allegro.pl/oferta/dekoder-dvb-t2-naziemna-telewizja-z-youtube-i-wifi-9724981521"
"150","TV and video","MOCNY OBROTOWY UCHWYT TV WIESZAK TELEWIZORA 26-55","40,00 zł z kurierem","119,00 zł","-66%","https://allegro.pl/oferta/mocny-obrotowy-uchwyt-tv-wieszak-telewizora-26-55-10464297855"
"151","TV and video","MONITORING DOMU ZEWNĘTRZNA KAMERA IP HIKVISION POE","289,00 zł z kurierem","445,26 zł","-35%","https://allegro.pl/oferta/monitoring-domu-zewnetrzna-kamera-ip-hikvision-poe-7028812452"
"152","TV and video","MOCNY UCHWYT TV ŚCIENNY DO TELEWIZORA 32 - 75 CALI","43,99 zł","299,00 zł","-85%","https://allegro.pl/oferta/mocny-uchwyt-tv-scienny-do-telewizora-32-75-cali-9038863364"
"153","TV and video","Obrotowy UCHWYT do telewizora wieszak TV LCD 32-60","84,90 zł z kurierem","189,00 zł","-55%","https://allegro.pl/events/clicks?emission_unit_id=825e6dd3-51f4-4362-9649-9b3ec476e61d&emission_id=66c4022e-b47e-4d48-b134-0cee87509db1&type=OFFER&ts=1616081351408&redirect=https%3A%2F%2Fallegro.pl%2Foferta%2Fobrotowy-uchwyt-do-telewizora-wieszak-tv-lcd-32-60-8148095208%3Fbi_s%3Dads%26bi_m%3Dlisting%253Adesktop%253Acategory%26bi_c%3DOTY3NDJmYTEtY2ZiOC00ZmU3LThiZDItYzAxNzRmZmZlZmIxAA%26bi_t%3Dape&placement=listing:desktop:category&sig=65c26650e1e4debfd108b40570def707"
"154","TV and video","techBite FLIX SMART BOX TV 4K Android TV + gamepad","219,00 zł","299,00 zł","-26%","https://allegro.pl/oferta/techbite-flix-smart-box-tv-4k-android-tv-gamepad-7746548455"
"155","TV and video","Obrotowa kamera zewnętrzna IP WIFI ZOOM 4X FULL HD","229,99 zł z kurierem","499,00 zł","-53%","https://allegro.pl/oferta/obrotowa-kamera-zewnetrzna-ip-wifi-zoom-4x-full-hd-8334123373"
"156","TV and video","DEKODER TUNER TV NAZIEMNEJ HD DVB-T DVB-T2 / WiFi","106,99 zł z kurierem","249,99 zł","-57%","https://allegro.pl/oferta/dekoder-tuner-tv-naziemnej-hd-dvb-t-dvb-t2-wifi-9857175427"
"157","TV and video","BEZPRZEWODOWY ADAPTER WIFI HDMI MIRRORSCREEN 2w1","89,99 zł","149,99 zł","-40%","https://allegro.pl/oferta/bezprzewodowy-adapter-wifi-hdmi-mirrorscreen-2w1-8929002360"
"158","TV and video","Telewizor 32 CHiQ L32H7A Smart TV Android TV HDR10","929,00 zł z kurierem","999,00 zł","-7%","https://allegro.pl/oferta/telewizor-32-chiq-l32h7a-smart-tv-android-tv-hdr10-9783380847"
"159","TV and video","RZUTNIK PROJEKTOR LED FULL HD 4K ANDROID WIFI BT","839,00 zł z kurierem","1099,00 zł","-23%","https://allegro.pl/oferta/rzutnik-projektor-led-full-hd-4k-android-wifi-bt-10216381657"
"160","TV and video","KAMERA HD WiFi IP MONITORING NIANIA ELEKTRONICZNA","99,00 zł z kurierem","158,00 zł","-37%","https://allegro.pl/oferta/kamera-hd-wifi-ip-monitoring-niania-elektroniczna-7197240302"
"161","TV and video","RZUTNIK PROJEKTOR FULL HD WIFI LED 1920x1080 130''","349,99 zł","599,99 zł","-41%","https://allegro.pl/oferta/rzutnik-projektor-full-hd-wifi-led-1920x1080-130-9729085045"
"162","TV and video","Uchwyt do telewizora BLOW wieszak obrotowy 10-27''","24,90 zł","49,99 zł","-50%","https://allegro.pl/oferta/uchwyt-do-telewizora-blow-wieszak-obrotowy-10-27-10486798678"
"163","TV and video","UCHWYT WIESZAK Uchylny TV TELEWIZORA 23-55 SLIM","28,72 zł z kurierem","69,00 zł","-58%","https://allegro.pl/oferta/uchwyt-wieszak-uchylny-tv-telewizora-23-55-slim-6748875613"
"164","TV and video","MONITORING DOMU ZEWNĘTRZNA KAMERA IP HIKVISION POE","289,00 zł z kurierem","445,26 zł","-35%","https://allegro.pl/events/clicks?emission_unit_id=d11f9695-0d60-4104-8847-f16db3009a63&emission_id=66c4022e-b47e-4d48-b134-0cee87509db1&type=OFFER&ts=1616081351408&redirect=https%3A%2F%2Fallegro.pl%2Foferta%2Fmonitoring-domu-zewnetrzna-kamera-ip-hikvision-poe-7028812452%3Fbi_s%3Dads%26bi_m%3Dlisting%253Adesktop%253Acategory%26bi_c%3DNzc4MjQ2ZTUtY2M3Ni00NTNiLTlmMDItN2M5NzNhMjRmYTljAA%26bi_t%3Dape&placement=listing:desktop:category&sig=df78f172fc9795a580087f60106207e7"
"165","TV and video","Monitoring WIFI, 8 kamer, Rejestrator, 2MPX, FHD","1 099,00 zł z kurierem","5000,00 zł","-78%","https://allegro.pl/events/clicks?emission_unit_id=905297b8-0896-423a-be5b-7ac133edb299&emission_id=66c4022e-b47e-4d48-b134-0cee87509db1&type=OFFER&ts=1616081351408&redirect=https%3A%2F%2Fallegro.pl%2Foferta%2Fmonitoring-wifi-8-kamer-rejestrator-2mpx-fhd-8363499774%3Fbi_s%3Dads%26bi_m%3Dlisting%253Adesktop%253Acategory%26bi_c%3DODliNmI1MDgtODgzNS00ZTZjLWI0MjMtZTY2MDIxZTMyMjQwAA%26bi_t%3Dape&placement=listing:desktop:category&sig=5e920963835d98458ef217c8ba80b62d"
"166","TV and video","ZESTAW DO MONITORINGU 4 KAMERY FULL HD ZEWNĘTRZNE","599,00 zł","999,00 zł","-40%","https://allegro.pl/oferta/zestaw-do-monitoringu-4-kamery-full-hd-zewnetrzne-8009173839"
"167","TV and video","Regulowany Uniwersalny UCHWYT WIESZAK TELEWIZORA","44,10 zł z kurierem","199,00 zł","-77%","https://allegro.pl/oferta/regulowany-uniwersalny-uchwyt-wieszak-telewizora-9567767462"
"168","TV and video","Zewnętrzna kamera IP WiFi 4X ZOOM bezprzewodowa+++","169,00 zł z kurierem","338,00 zł","-50%","https://allegro.pl/oferta/zewnetrzna-kamera-ip-wifi-4x-zoom-bezprzewodowa-8961606627"
"169","TV and video","MOCNY UCHWYT TV WIESZAK DO TELEWIZORA 26-55 CALI","21,99 zł","99,99 zł","-78%","https://allegro.pl/oferta/mocny-uchwyt-tv-wieszak-do-telewizora-26-55-cali-7709605139"
"170","TV and video","techBite FLIX SMART BOX TV 4K REAL Android TV 9.0","179,00 zł","249,00 zł","-28%","https://allegro.pl/oferta/techbite-flix-smart-box-tv-4k-real-android-tv-9-0-9098649782"
"171","TV and video","MOCNY UCHWYT TV ŚCIENNY DO TELEWIZORA 26-60 CALI","75,99 zł","199,99 zł","-62%","https://allegro.pl/oferta/mocny-uchwyt-tv-scienny-do-telewizora-26-60-cali-7809199871"
"172","TV and video","Obrotowy uchwyt do telewizora TV LCD LED 32-55","79,00 zł z kurierem","99,00 zł","-20%","https://allegro.pl/oferta/obrotowy-uchwyt-do-telewizora-tv-lcd-led-32-55-7887997332"
"173","TV and video","DVD przenośne 9 cali, USB pilot, OBROTOWY EKRAN","159,00 zł z kurierem","229,00 zł","-30%","https://allegro.pl/oferta/dvd-przenosne-9-cali-usb-pilot-obrotowy-ekran-7676173186"
"174","TV and video","MOCNY UCHWYT TV ŚCIENNY DO TELEWIZORA 32 - 75 CALI","43,99 zł","299,00 zł","-85%","https://allegro.pl/events/clicks?emission_unit_id=a4ede18e-327a-4d1f-b6e4-e108610db70c&emission_id=d01ad00a-fac4-46d5-8fff-e4af14614dcb&type=OFFER&ts=1616081352361&redirect=https%3A%2F%2Fallegro.pl%2Foferta%2Fmocny-uchwyt-tv-scienny-do-telewizora-32-75-cali-9038863364%3Fbi_s%3Dads%26bi_m%3Dlisting%253Adesktop%253Acategory%26bi_c%3DNzU3ODBiZjQtZDA4Zi00YTBkLThiZDktOTAzMTZjY2ExY2JjAA%26bi_t%3Dape&placement=listing:desktop:category&sig=47c502c9f1c34ed02ca81f9c07b63ff3"
"175","TV and video","MOCNA KAMERA IP HIKVISION 8mpx DS-2CD2T83G0-I8 ROI","980,00 zł z kurierem","1537,50 zł","-36%","https://allegro.pl/oferta/mocna-kamera-ip-hikvision-8mpx-ds-2cd2t83g0-i8-roi-8084095557"
"176","TV and video","Bezprzewodowa kamera IP WiFi zewnętrzna obrotowa","259,99 zł z kurierem","658,00 zł","-60%","https://allegro.pl/oferta/bezprzewodowa-kamera-ip-wifi-zewnetrzna-obrotowa-8961514145"
"177","TV and video","KAMERA WIFI 4MPX CZARNA BEZPRZEWODOWA IR 30M IP66","199,99 zł z kurierem","319,99 zł","-37%","https://allegro.pl/oferta/kamera-wifi-4mpx-czarna-bezprzewodowa-ir-30m-ip66-10132690074"
"178","TV and video","Kamera IP WIFI zewnętrzna obrotowa zapis SD 128 GB","239,99 zł z kurierem","499,00 zł","-51%","https://allegro.pl/oferta/kamera-ip-wifi-zewnetrzna-obrotowa-zapis-sd-128-gb-7517404632"
"179","TV and video","MOCNY UCHWYT TV ŚCIENNY DO TELEWIZORA 23-55 CALI","29,99 zł","80,00 zł","-62%","https://allegro.pl/oferta/mocny-uchwyt-tv-scienny-do-telewizora-23-55-cali-7819139533"
"180","TV and video","WEWNĘTRZNA KAMERA WIFI 2MPx CZUJKA RUCHU C1C PIR","149,00 zł","199,00 zł","-25%","https://allegro.pl/oferta/wewnetrzna-kamera-wifi-2mpx-czujka-ruchu-c1c-pir-9747652749"
"181","TV and video","Kamera Zewnętrzna WIFI 2,8-12 mm zoom optyczny","249,00 zł z kurierem","399,00 zł","-37%","https://allegro.pl/oferta/kamera-zewnetrzna-wifi-2-8-12-mm-zoom-optyczny-9779698102"
"182","TV and video","Kamera Zewnętrzna IP WIFI ZOOM FULL HD OBROTOWA","159,88 zł","170,00 zł","-5%","https://allegro.pl/oferta/kamera-zewnetrzna-ip-wifi-zoom-full-hd-obrotowa-10027732366"
"183","TV and video","ANTENA ZEWNĘTRZNA 360 DVB-T TV MUX8 LTE AV-9003S","199,00 zł z kurierem","269,00 zł","-26%","https://allegro.pl/oferta/antena-zewnetrzna-360-dvb-t-tv-mux8-lte-av-9003s-7054564170"
"184","TV and video","_Uniwersalny UCHWYT Wieszak TELEWIZORA - Obrotowy","69,99 zł z kurierem","199,00 zł","-64%","https://allegro.pl/oferta/uniwersalny-uchwyt-wieszak-telewizora-obrotowy-10475028440"
"185","TV and video","UCHWYT WIESZAK TELEWIZORA SAMSUNG LG SONY 30- 65''","79,18 zł z kurierem","199,00 zł","-60%","https://allegro.pl/events/clicks?emission_unit_id=99e761b0-fc8e-4784-8599-0d94a372aa7a&emission_id=d01ad00a-fac4-46d5-8fff-e4af14614dcb&type=OFFER&ts=1616081352361&redirect=https%3A%2F%2Fallegro.pl%2Foferta%2Fuchwyt-wieszak-telewizora-samsung-lg-sony-30-65-9157800470%3Fbi_s%3Dads%26bi_m%3Dlisting%253Adesktop%253Acategory%26bi_c%3DYTE3NDkzM2EtZmNmMy00NzQ4LTlkZGItY2E4MjNhZjNmYWFjAA%26bi_t%3Dape&placement=listing:desktop:category&sig=a957f53d0f3ad6682b05824acb273e6b"
"186","TV and video","DVD samochodowe 7 cali, USB pilot, OBROTOWY EKRAN","119,99 zł z kurierem","199,00 zł","-39%","https://allegro.pl/oferta/dvd-samochodowe-7-cali-usb-pilot-obrotowy-ekran-7638242377"
"187","TV and video","MOCNY UCHWYT TV WIESZAK DO TELEWIZORA 32-65 CALI","97,79 zł","189,99 zł","-48%","https://allegro.pl/oferta/mocny-uchwyt-tv-wieszak-do-telewizora-32-65-cali-7958201749"
"188","TV and video","MINI PROJEKTOR 4K DLP H96-P 2/16 LED 4K Android","1 199,00 zł","2199,00 zł","-45%","https://allegro.pl/oferta/mini-projektor-4k-dlp-h96-p-2-16-led-4k-android-8866231276"
"189","TV and video","BEZPRZEWODOWA KAMERA ZEWNĘTRZNA IP WIFI OBROTOWA","229,99 zł","349,99 zł","-34%","https://allegro.pl/oferta/bezprzewodowa-kamera-zewnetrzna-ip-wifi-obrotowa-9240631317"
"190","TV and video","Obrotowa Zewnętrzna Kamera 5Mpx WiFi 5X ZOOM ALARM","899,00 zł z kurierem","1399,00 zł","-35%","https://allegro.pl/oferta/obrotowa-zewnetrzna-kamera-5mpx-wifi-5x-zoom-alarm-9555065595"
"191","TV and video","Kamera Zewnętrzna WIFI zoom OPTYCZNY ! nie cyfrowy","299,00 zł z kurierem","499,00 zł","-40%","https://allegro.pl/oferta/kamera-zewnetrzna-wifi-zoom-optyczny-nie-cyfrowy-10465224613"
"192","TV and video","BEZPRZEWODOWA KAMERA ZEWNĘTRZNA WIFI DIGICAM","269,99 zł","399,99 zł","-32%","https://allegro.pl/oferta/bezprzewodowa-kamera-zewnetrzna-wifi-digicam-8929075971"
"193","TV and video","Obrotowa kamera zewnętrzna IP WIFI ZOOM 4X FULL HD","310,00 zł","510,00 zł","-39%","https://allegro.pl/oferta/obrotowa-kamera-zewnetrzna-ip-wifi-zoom-4x-full-hd-9953523552"
"194","TV and video","KOPUŁKOWA BEZPRZEWODOWA KAMERA ZEWNĘTRZNA IP WiFi","189,99 zł","399,99 zł","-52%","https://allegro.pl/oferta/kopulkowa-bezprzewodowa-kamera-zewnetrzna-ip-wifi-9274206644"
"195","TV and video","SMART TV 55 HANSEATIC 55H600UDS 4K HDR10 S2T2 A+","1 489,90 zł z kurierem","1799,90 zł","-17%","https://allegro.pl/oferta/smart-tv-55-hanseatic-55h600uds-4k-hdr10-s2t2-a-10204368953"
"196","TV and video","MOCNY OBROTOWY UCHWYT TV WIESZAK TELEWIZORA 26-55","40,00 zł z kurierem","119,00 zł","-66%","https://allegro.pl/events/clicks?emission_unit_id=c06715bf-a90f-43b6-b4dd-822e9c0989bc&emission_id=d01ad00a-fac4-46d5-8fff-e4af14614dcb&type=OFFER&ts=1616081352361&redirect=https%3A%2F%2Fallegro.pl%2Foferta%2Fmocny-obrotowy-uchwyt-tv-wieszak-telewizora-26-55-10464297855%3Fbi_s%3Dads%26bi_m%3Dlisting%253Adesktop%253Acategory%26bi_c%3DMTcxMTIxM2YtNWRmMy00ZmNjLTg5YWQtYmJlODQwNjJjZjRmAA%26bi_t%3Dape&placement=listing:desktop:category&sig=383c303aee61e32a41b1d8331744e1e9"
"197","TV and video","Projektor LED FullHD Wi-Fi V-LED50 Kruger&Matz","599,00 zł z kurierem","799,00 zł","-25%","https://allegro.pl/oferta/projektor-led-fullhd-wi-fi-v-led50-kruger-matz-9687384132"
"198","TV and video","UCHWYT DO TELEWIZORA REGULOWANY UCHYLNY VESA 23-55","40,00 zł z kurierem","99,00 zł","-59%","https://allegro.pl/oferta/uchwyt-do-telewizora-regulowany-uchylny-vesa-23-55-10463846961"
"199","TV and video","Mobilny STOJAK TV Stand do telewizora LCD 32-65' B","339,00 zł z kurierem","899,00 zł","-62%","https://allegro.pl/oferta/mobilny-stojak-tv-stand-do-telewizora-lcd-32-65-b-7099162338"
"200","TV and video","TV BOX MXQ PRO 1/8GB S905W SMART 4K KODI ANDROID","139,00 zł z kurierem","299,00 zł","-53%","https://allegro.pl/oferta/tv-box-mxq-pro-1-8gb-s905w-smart-4k-kodi-android-10090452707"
"201","Smartphones","Apple iPhone 8 / 64 GB / GRATISY / GWARANCJA","868,99 zł z kurierem","2797,99 zł","-68%","https://allegro.pl/oferta/apple-iphone-8-64-gb-gratisy-gwarancja-8589054234"
"202","Smartphones","Smartfon Xiaomi POCO X3 6 / 128 GB szary","899,00 zł","999,00 zł","-10%","https://allegro.pl/oferta/smartfon-xiaomi-poco-x3-6-128-gb-szary-10131593664"
"203","Smartphones","Apple iPhone X / ORYGINAŁ / GWARANCJA","1 538,99 zł z kurierem","3299,00 zł","-53%","https://allegro.pl/oferta/apple-iphone-x-oryginal-gwarancja-8903955225"
"204","Smartphones","SAMSUNG Note 10+ / 256GB / GWARANCJA / SKLEP","2 398,99 zł z kurierem","4299,00 zł","-44%","https://allegro.pl/oferta/samsung-note-10-256gb-gwarancja-sklep-9816069478"
"205","Smartphones","ORYGINALNY SAMSUNG GALAXY S7 EDGE +ZESTAW","818,00 zł","1300,00 zł","-37%","https://allegro.pl/oferta/oryginalny-samsung-galaxy-s7-edge-zestaw-9731222165"
"206","Smartphones","Oryginalny Huawei P30 Pro - Dual Sim","1 777,00 zł","2222,00 zł","-20%","https://allegro.pl/oferta/oryginalny-huawei-p30-pro-dual-sim-9974958033"
"207","Smartphones","Apple iPhone 7","608,99 zł z kurierem","1399,00 zł","-56%","https://allegro.pl/oferta/apple-iphone-7-7915785964"
"208","Smartphones","Smartfon Xiaomi POCO X3 6/128 GB niebieski","899,00 zł","999,99 zł","-10%","https://allegro.pl/oferta/smartfon-xiaomi-poco-x3-6-128-gb-niebieski-10053805898"
"209","Smartphones","Apple iPhone X 64GB Oryginalne pudełko zafoliowany","2 099,00 zł","2399,00 zł","-12%","https://allegro.pl/events/clicks?emission_unit_id=2ca61da2-c24c-4679-bea0-4f1fdd4692a0&emission_id=090c0961-dd58-4e98-a3a4-0e98f095d865&type=OFFER&ts=1616081349227&redirect=https%3A%2F%2Fallegro.pl%2Foferta%2Fapple-iphone-x-64gb-oryginalne-pudelko-zafoliowany-8913326342%3Fbi_s%3Dads%26bi_m%3Dlisting%253Adesktop%253Acategory%26bi_c%3DZTAyZjY2NTMtN2EwNy00NmZkLTlmZWEtODk4OWY5NzRkYzRjAA%26bi_t%3Dape&placement=listing:desktop:category&sig=4c8b8529336602743edc4ecf2e272935"
"210","Smartphones","Oryginalny Xiaomi MI 10T Lite 6/64gb 5G jak Nowy","1 188,00 zł","1555,00 zł","-23%","https://allegro.pl/oferta/oryginalny-xiaomi-mi-10t-lite-6-64gb-5g-jak-nowy-10244397115"
"211","Smartphones","Oryginalny Samsung Galaxy S10 8/128gb","1 818,00 zł","2444,00 zł","-25%","https://allegro.pl/oferta/oryginalny-samsung-galaxy-s10-8-128gb-9483426031"
"212","Smartphones","Samsung Galaxy S9 / 64GB / ORYGINAŁ / GWARANCJA","928,99 zł z kurierem","2799,00 zł","-66%","https://allegro.pl/oferta/samsung-galaxy-s9-64gb-oryginal-gwarancja-9406249697"
"213","Smartphones","OnePlus Nord N10 5G 6/128GB 6,49"" NFC Czarny","1 099,00 zł","2599,00 zł","-57%","https://allegro.pl/oferta/oneplus-nord-n10-5g-6-128gb-6-49-nfc-czarny-9941398717"
"214","Smartphones","ŚWIETNY SMARTFON ALBA 4 3G 4'' 4x1,2 GHz + ETUI","119,00 zł z kurierem","219,00 zł","-45%","https://allegro.pl/oferta/swietny-smartfon-alba-4-3g-4-4x1-2-ghz-etui-10175167845"
"215","Smartphones","Oryginalny Huawei P20 Pro 6/128gb - 2 kolory","1 099,00 zł","1599,00 zł","-31%","https://allegro.pl/oferta/oryginalny-huawei-p20-pro-6-128gb-2-kolory-9991038926"
"216","Smartphones","Oryginalny Samsung Galaxy S10+ plus 8/128gb","1 888,00 zł","2444,00 zł","-22%","https://allegro.pl/oferta/oryginalny-samsung-galaxy-s10-plus-8-128gb-9483438603"
"217","Smartphones","Sony XPERIA XA2 5,2'' 3GB 32GB LTE QC NFC 23Mpx","379,00 zł z kurierem","699,00 zł","-45%","https://allegro.pl/oferta/sony-xperia-xa2-5-2-3gb-32gb-lte-qc-nfc-23mpx-10411502580"
"218","Smartphones","Smartfon Huawei P30 Pro / GWARANCJA / ORYGINAŁ","1 748,99 zł z kurierem","2599,00 zł","-32%","https://allegro.pl/oferta/smartfon-huawei-p30-pro-gwarancja-oryginal-10495541447"
"219","Smartphones","Smartfon Xiaomi POCO X3 6/64GB Niebieski","849,00 zł","899,00 zł","-5%","https://allegro.pl/oferta/smartfon-xiaomi-poco-x3-6-64gb-niebieski-10070890659"
"220","Smartphones","APPLE IPHONE 8 64GB - WYBÓR KOLORU + GRATISY","1 209,00 zł z kurierem","1799,00 zł","-32%","https://allegro.pl/events/clicks?emission_unit_id=33a84d55-bd7f-41bf-ad7a-f92ed170aaeb&emission_id=090c0961-dd58-4e98-a3a4-0e98f095d865&type=OFFER&ts=1616081349227&redirect=https%3A%2F%2Fallegro.pl%2Foferta%2Fapple-iphone-8-64gb-wybor-koloru-gratisy-8937776979%3Fbi_s%3Dads%26bi_m%3Dlisting%253Adesktop%253Acategory%26bi_c%3DYWY5ZDE5NzQtYjU5Ny00ODg2LTlmZmQtNDU1OTVhMDczZTU0AA%26bi_t%3Dape&placement=listing:desktop:category&sig=e89349af14b3c92d67bca7de6645ad26"
"221","Smartphones","Smartfon Huawei P20 Pro / ORYGINAŁ / GWARANCJA","898,99 zł z kurierem","2499,00 zł","-64%","https://allegro.pl/oferta/smartfon-huawei-p20-pro-oryginal-gwarancja-10495223641"
"222","Smartphones","Smartfon Xiaomi Redmi Note 9T 5G 4/128GB fioletowy","999,00 zł","1199,00 zł","-16%","https://allegro.pl/oferta/smartfon-xiaomi-redmi-note-9t-5g-4-128gb-fioletowy-10191579451"
"223","Smartphones","ZESTAW HAMMER EXPLORER PRO + BATERIA ZEWNĘTRZNA","2 099,00 zł","2168,00 zł","-3%","https://allegro.pl/oferta/zestaw-hammer-explorer-pro-bateria-zewnetrzna-10195562990"
"224","Smartphones","Apple Iphone XS 64g / 3 Kolory /Oryginalny komplet","1 818,00 zł","2333,00 zł","-22%","https://allegro.pl/oferta/apple-iphone-xs-64g-3-kolory-oryginalny-komplet-10240222415"
"225","Smartphones","Oryginalny Samsung Galaxy Note 10+ Black Czarny","2 525,00 zł","2999,00 zł","-15%","https://allegro.pl/oferta/oryginalny-samsung-galaxy-note-10-black-czarny-10147961051"
"226","Smartphones","Smartfon Archos Diamond Gamma 5,5'' 3RAM 32GB LTE","299,00 zł z kurierem","599,00 zł","-50%","https://allegro.pl/oferta/smartfon-archos-diamond-gamma-5-5-3ram-32gb-lte-9935062483"
"227","Smartphones","IPhone 11 Pro 64 GB / KOLORY / KL.X","3 039,00 zł","3700,00 zł","-17%","https://allegro.pl/oferta/iphone-11-pro-64-gb-kolory-kl-x-10142369364"
"228","Smartphones","Smartfon Xiaomi POCO X3 6/64 GB szary","849,00 zł","899,00 zł","-5%","https://allegro.pl/oferta/smartfon-xiaomi-poco-x3-6-64-gb-szary-10070845545"
"229","Smartphones","TELEFON PANCERNY CUBOT KING KONG 16GB DS PL CZARNY","321,79 zł z kurierem","649,00 zł","-50%","https://allegro.pl/oferta/telefon-pancerny-cubot-king-kong-16gb-ds-pl-czarny-8856974508"
"230","Smartphones","Smartphone Xiaomi Redmi Note 9T 4 / 128GB czarny","999,00 zł","1199,00 zł","-16%","https://allegro.pl/oferta/smartphone-xiaomi-redmi-note-9t-4-128gb-czarny-10199893899"
"231","Smartphones","SMARTFON SAMSUNG SM-M515 GALAXY M51 BLACK 6/128GB","1 299,00 zł","1999,00 zł","-35%","https://allegro.pl/events/clicks?emission_unit_id=927d7a84-16d4-42a3-9ded-af87f939f5fd&emission_id=090c0961-dd58-4e98-a3a4-0e98f095d865&type=OFFER&ts=1616081349227&redirect=https%3A%2F%2Fallegro.pl%2Foferta%2Fsmartfon-samsung-sm-m515-galaxy-m51-black-6-128gb-9838356380%3Fbi_s%3Dads%26bi_m%3Dlisting%253Adesktop%253Acategory%26bi_c%3DYzUwMjRiNDctOGIzYS00MTFlLThmMjQtMzMzNTgyNmU3OGYzAA%26bi_t%3Dape&placement=listing:desktop:category&sig=542c926cbb54cfc80de4f04e20285578"
"232","Smartphones","Apple iPhone 8 PLUS / 64 GB / GWARANCJA / ORYGINAŁ","1 298,99 zł z kurierem","2399,00 zł","-45%","https://allegro.pl/oferta/apple-iphone-8-plus-64-gb-gwarancja-oryginal-9441778274"
"233","Smartphones","Oryginalny Samsung Galaxy S8 64gb - Gratis","1 349,00 zł","1777,00 zł","-24%","https://allegro.pl/oferta/oryginalny-samsung-galaxy-s8-64gb-gratis-9455220658"
"234","Smartphones","Smartfon Xiaomi Redmi 9T 4 / 128 GB szary","799,00 zł","899,99 zł","-11%","https://allegro.pl/oferta/smartfon-xiaomi-redmi-9t-4-128-gb-szary-10251452246"
"235","Smartphones","Apple iPhone XR 64GB /Kolory +Indukcja +Certyfikat","1 799,00 zł","2499,00 zł","-28%","https://allegro.pl/oferta/apple-iphone-xr-64gb-kolory-indukcja-certyfikat-9440586421"
"236","Smartphones","Smartfon Xiaomi Redmi Note 9 Pro 6 / 64 GB biały","889,00 zł","899,00 zł","-1%","https://allegro.pl/oferta/smartfon-xiaomi-redmi-note-9-pro-6-64-gb-bialy-10413457925"
"237","Smartphones","Smartfon Samsung Galaxy A40 / ORYGINAŁ / GWARANCJA","598,99 zł z kurierem","999,00 zł","-40%","https://allegro.pl/oferta/smartfon-samsung-galaxy-a40-oryginal-gwarancja-10504881685"
"238","Smartphones","Oryginalny Apple Iphone 8 64gb - Gratis","997,00 zł","1999,00 zł","-50%","https://allegro.pl/oferta/oryginalny-apple-iphone-8-64gb-gratis-9649066552"
"239","Smartphones","ORYGINALNY APPLE IPHONE 8 64GB RÓŻNE KOLORY","1 229,00 zł z kurierem","1799,00 zł","-31%","https://allegro.pl/oferta/oryginalny-apple-iphone-8-64gb-rozne-kolory-7959115678"
"240","Smartphones","ZESTAW PREMIUM -ORYGINALNY APPLE IPHONE 8 64GB","1 249,00 zł z kurierem","1799,00 zł","-30%","https://allegro.pl/oferta/zestaw-premium-oryginalny-apple-iphone-8-64gb-7959168034"
"241","Smartphones","Oryginalny Samsung Xcover 4 G390F / Pancerny","444,00 zł","777,00 zł","-42%","https://allegro.pl/oferta/oryginalny-samsung-xcover-4-g390f-pancerny-10067491958"
"242","Smartphones","Apple iPhone X / ORYGINAŁ / GWARANCJA","1 538,99 zł z kurierem","3299,00 zł","-53%","https://allegro.pl/events/clicks?emission_unit_id=64e666bf-66b5-4541-93f3-18f26c9297fc&emission_id=090c0961-dd58-4e98-a3a4-0e98f095d865&type=OFFER&ts=1616081349227&redirect=https%3A%2F%2Fallegro.pl%2Foferta%2Fapple-iphone-x-oryginal-gwarancja-8903955225%3Fbi_s%3Dads%26bi_m%3Dlisting%253Adesktop%253Acategory%26bi_c%3DN2ZjNzA0MzYtZGU0MS00NzA4LTg5MGEtYmQ3ZWIyZTAyMDFlAA%26bi_t%3Dape&placement=listing:desktop:category&sig=fd38f6f65a81fc4e795a5bf3b1517059"
"243","Smartphones","ŁADNY SAMSUNG J700 rozsuwany slider dla seniora","89,00 zł z kurierem","139,00 zł","-35%","https://allegro.pl/oferta/ladny-samsung-j700-rozsuwany-slider-dla-seniora-8633035222"
"244","Smartphones","Apple iPhone 6","373,99 zł z kurierem","999,99 zł","-62%","https://allegro.pl/oferta/apple-iphone-6-6974926520"
"245","Smartphones","Smartfon Archos Oxygen 63 6,26'' 4RAM 64GB LTE","399,00 zł z kurierem","699,00 zł","-42%","https://allegro.pl/oferta/smartfon-archos-oxygen-63-6-26-4ram-64gb-lte-9934816269"
"246","Smartphones","Smartfon Xiaomi POCO X3 6 GB / 128 GB niebieski","899,00 zł","1099,00 zł","-18%","https://allegro.pl/oferta/smartfon-xiaomi-poco-x3-6-gb-128-gb-niebieski-10433032523"
"247","Smartphones","Smartfon Kruger&Matz MOVE 8 MINI dual SIM","199,00 zł z kurierem","249,00 zł","-20%","https://allegro.pl/oferta/smartfon-kruger-matz-move-8-mini-dual-sim-7713980921"
"248","Smartphones","Xiaomi POCO X3 6/64GB Snapdragon 732G Niebieski","848,00 zł","999,00 zł","-15%","https://allegro.pl/oferta/xiaomi-poco-x3-6-64gb-snapdragon-732g-niebieski-10048515426"
"249","Smartphones","ORYGINALNY APPLE IPHONE 8 64GB RÓŻNE KOLORY","1 038,00 zł z kurierem","1799,00 zł","-42%","https://allegro.pl/oferta/oryginalny-apple-iphone-8-64gb-rozne-kolory-7647420884"
"250","Smartphones","Smartfon dla Seniora Doro 8035 5'' LTE HAC SOS","399,00 zł z kurierem","899,00 zł","-55%","https://allegro.pl/oferta/smartfon-dla-seniora-doro-8035-5-lte-hac-sos-8728718870"
"251","Smartphones","Smartfon Samsung Galaxy A20e / GWARANCJA / SKLEP","498,99 zł z kurierem","749,00 zł","-33%","https://allegro.pl/oferta/smartfon-samsung-galaxy-a20e-gwarancja-sklep-10505001321"
"252","Smartphones","Oryginalny Samsung Xcover 4 G390F / Pancerny","599,00 zł","888,00 zł","-32%","https://allegro.pl/oferta/oryginalny-samsung-xcover-4-g390f-pancerny-10101005334"
"253","Smartphones","IDEALNY Apple Iphone XR 64gb - ORYGINALNY zestaw","1 599,00 zł","2499,00 zł","-36%","https://allegro.pl/events/clicks?emission_unit_id=59140031-29e8-4b70-8875-dfd8149ec016&emission_id=090c0961-dd58-4e98-a3a4-0e98f095d865&type=OFFER&ts=1616081349227&redirect=https%3A%2F%2Fallegro.pl%2Foferta%2Fidealny-apple-iphone-xr-64gb-oryginalny-zestaw-9974526523%3Fbi_s%3Dads%26bi_m%3Dlisting%253Adesktop%253Acategory%26bi_c%3DZjU5OWY0ZTItMjczNy00MzYzLWIwOWEtZWNjMzVlMTY1NjJjAA%26bi_t%3Dape&placement=listing:desktop:category&sig=359cce79469452ac19c9e15ab01ddf5f"
"254","Smartphones","NOKIA 2760 klapka oryginalny produkt","89,99 zł z kurierem","199,00 zł","-54%","https://allegro.pl/oferta/nokia-2760-klapka-oryginalny-produkt-9271735493"
"255","Smartphones","Samsung Galaxy S9+ plus Czarny/Black IDEALNY","1 333,00 zł","1999,00 zł","-33%","https://allegro.pl/oferta/samsung-galaxy-s9-plus-czarny-black-idealny-9003324564"
"256","Smartphones","ZESTAW HAMMER EXPLORER ORANGE + BATERIA ZEWNĘTRZNA","1 099,00 zł","1168,00 zł","-5%","https://allegro.pl/oferta/zestaw-hammer-explorer-orange-bateria-zewnetrzna-10229025032"
"257","Smartphones","Smartfon Xiaomi Redmi Note 9T 5G 4/64 GB czarny","899,00 zł","999,00 zł","-10%","https://allegro.pl/oferta/smartfon-xiaomi-redmi-note-9t-5g-4-64-gb-czarny-10246882678"
"258","Smartphones","Smartfon Xiaomi POCO X3 6 GB / 128 GB szary","899,00 zł","1099,00 zł","-18%","https://allegro.pl/oferta/smartfon-xiaomi-poco-x3-6-gb-128-gb-szary-10433011470"
"259","Smartphones","ZESTAW HAMMER EXPLORER SILVER + BATERIA ZEWNĘTRZNA","1 099,00 zł","1168,00 zł","-5%","https://allegro.pl/oferta/zestaw-hammer-explorer-silver-bateria-zewnetrzna-10229134597"
"260","Smartphones","CUBOT NOTE 20 PRO 6,5' 6/128GB LTE NFC DUAL SIM","599,99 zł z kurierem","898,99 zł","-33%","https://allegro.pl/oferta/cubot-note-20-pro-6-5-6-128gb-lte-nfc-dual-sim-9783428203"
"261","Smartphones","Smartfon Xiaomi Mi Note 10 6/128 GB","1 900,00 zł","2888,00 zł","-34%","https://allegro.pl/oferta/smartfon-xiaomi-mi-note-10-6-128-gb-8765137411"
"262","Smartphones","Smartfon Xiaomi POCO M3 4 / 128GB niebieski","635,00 zł","749,00 zł","-15%","https://allegro.pl/oferta/smartfon-xiaomi-poco-m3-4-128gb-niebieski-10184362596"
"263","Smartphones","CUBOT X30 PRO 6,4' 8/256GB LTE AND 10 DUAL SIM NFC","898,99 zł z kurierem","1500,00 zł","-40%","https://allegro.pl/oferta/cubot-x30-pro-6-4-8-256gb-lte-and-10-dual-sim-nfc-9651314169"
"264","Smartphones","SMARTFON APPLE IPHONE 7 32GB CZARNY + SZKŁO | BOX","699,00 zł z kurierem","899,00 zł","-22%","https://allegro.pl/events/clicks?emission_unit_id=f4c98fe5-c899-443e-9cdf-78a5cb45decd&emission_id=090c0961-dd58-4e98-a3a4-0e98f095d865&type=OFFER&ts=1616081349227&redirect=https%3A%2F%2Fallegro.pl%2Foferta%2Fsmartfon-apple-iphone-7-32gb-czarny-szklo-box-10175717805%3Fbi_s%3Dads%26bi_m%3Dlisting%253Adesktop%253Acategory%26bi_c%3DN2Y4NGNhOGYtNDRlOC00M2Q3LTk3ODItNzE5NThmODU2YzMzAA%26bi_t%3Dape&placement=listing:desktop:category&sig=ac88abca173f2dc9704f10944568771e"
"265","Smartphones","iPhone SE 64 GB","1 599,00 zł","1800,00 zł","-11%","https://allegro.pl/events/clicks?emission_unit_id=57d3d3c3-8a56-4eda-b4ef-b8453069ea1a&emission_id=090c0961-dd58-4e98-a3a4-0e98f095d865&type=OFFER&ts=1616081349227&redirect=https%3A%2F%2Fallegro.pl%2Foferta%2Fiphone-se-64-gb-10491757768%3Fbi_s%3Dads%26bi_m%3Dlisting%253Adesktop%253Acategory%26bi_c%3DZDUwMjc2ZDktZDNlMi00ZDliLWEwMjItY2Q4NmI0ODk4OGJiAA%26bi_t%3Dape&placement=listing:desktop:category&sig=ee138fd29cb94c8dea3f6f20a66d54af"
"266","Smartphones","Telefon Samsung Galaxy Xcover 3 GRADE A + Gratis","399,00 zł","499,00 zł","-20%","https://allegro.pl/oferta/telefon-samsung-galaxy-xcover-3-grade-a-gratis-9551350270"
"267","Smartphones","Apple iPhone 8","968,99 zł z kurierem","2797,99 zł","-65%","https://allegro.pl/oferta/apple-iphone-8-9441690453"
"268","Smartphones","Smartfon Xiaomi POCO M3 4/128GB Octa Power Black","649,00 zł z kurierem","749,00 zł","-13%","https://allegro.pl/oferta/smartfon-xiaomi-poco-m3-4-128gb-octa-power-black-10211748742"
"269","Smartphones","Oryginalny Samsung Xcover 3 G389F Value Edition","222,00 zł","333,00 zł","-33%","https://allegro.pl/oferta/oryginalny-samsung-xcover-3-g389f-value-edition-10250175827"
"270","Smartphones","Apple Iphone 7 32gb -- Rose Gold / Black / Silver","744,00 zł","999,00 zł","-25%","https://allegro.pl/oferta/apple-iphone-7-32gb-rose-gold-black-silver-9093528335"
"271","Smartphones","APPLE IPHONE 8 64GB - WYBÓR KOLORU + GRATISY","1 209,00 zł z kurierem","1799,00 zł","-32%","https://allegro.pl/oferta/apple-iphone-8-64gb-wybor-koloru-gratisy-8937776979"
"272","Smartphones","Nokia C2-05 oryginalna produkcja NOKIA, Slider","83,00 zł z kurierem","199,00 zł","-58%","https://allegro.pl/oferta/nokia-c2-05-oryginalna-produkcja-nokia-slider-9577344361"
"273","Smartphones","CUBOT KING KONG MINI 3/32GB DUAL LTE ODPORNY IP68","399,99 zł z kurierem","650,00 zł","-38%","https://allegro.pl/oferta/cubot-king-kong-mini-3-32gb-dual-lte-odporny-ip68-9064182191"
"274","Smartphones","Apple iPhone X 64GB Oryginalne pudełko zafoliowany","2 099,00 zł","2399,00 zł","-12%","https://allegro.pl/events/clicks?emission_unit_id=bfaa56f4-ba9b-4448-9831-f0d419e2a38b&emission_id=31a45e5d-4a53-4639-8e9e-b6431e2f81e6&type=OFFER&ts=1616081350610&redirect=https%3A%2F%2Fallegro.pl%2Foferta%2Fapple-iphone-x-64gb-oryginalne-pudelko-zafoliowany-8913326342%3Fbi_s%3Dads%26bi_m%3Dlisting%253Adesktop%253Acategory%26bi_c%3DZTAyZjY2NTMtN2EwNy00NmZkLTlmZWEtODk4OWY5NzRkYzRjAA%26bi_t%3Dape&placement=listing:desktop:category&sig=5bec5bb31568f82240b82ba5f30237f4"
"275","Smartphones","Oryginalny Apple Iphone 8 64gb Gold/SIlver/Gray A+","1 044,00 zł","1555,00 zł","-32%","https://allegro.pl/oferta/oryginalny-apple-iphone-8-64gb-gold-silver-gray-a-10201180591"
"276","Smartphones","Oryginalny Samsung Galaxy S9+ plus 128gb","1 333,00 zł","1999,00 zł","-33%","https://allegro.pl/oferta/oryginalny-samsung-galaxy-s9-plus-128gb-9496520546"
"277","Smartphones","Smartfon Xiaomi POCO M3 4 / 64 GB żółty","599,00 zł","699,00 zł","-14%","https://allegro.pl/oferta/smartfon-xiaomi-poco-m3-4-64-gb-zolty-10184426418"
"278","Smartphones","Apple Iphone XR 64gb - Red - ORYGINALNY zestaw","1 699,00 zł","2999,00 zł","-43%","https://allegro.pl/oferta/apple-iphone-xr-64gb-red-oryginalny-zestaw-9983533434"
"279","Smartphones","Smartfon Sony XPERIA 10 / GWARANCJA / SKLEP","728,99 zł z kurierem","1299,00 zł","-43%","https://allegro.pl/oferta/smartfon-sony-xperia-10-gwarancja-sklep-10511311712"
"280","Smartphones","Smartfon Samsung Galaxy A8 / GWARANCJA / SKLEP","498,99 zł z kurierem","1599,00 zł","-68%","https://allegro.pl/oferta/smartfon-samsung-galaxy-a8-gwarancja-sklep-10505128896"
"281","Smartphones","iPhone 11 Pro 64GB Kolory Indukcja Certyfikat","3 399,00 zł","4199,00 zł","-19%","https://allegro.pl/oferta/iphone-11-pro-64gb-kolory-indukcja-certyfikat-9707902579"
"282","Smartphones","Smartfon Samsung Galaxy A50 / GWARANCJA / SKLEP","798,99 zł z kurierem","999,00 zł","-20%","https://allegro.pl/oferta/smartfon-samsung-galaxy-a50-gwarancja-sklep-10505066818"
"283","Smartphones","Smartfon Xiaomi Redmi Note 9T 5G 4/64 GB fioletowy","899,00 zł","999,00 zł","-10%","https://allegro.pl/oferta/smartfon-xiaomi-redmi-note-9t-5g-4-64-gb-fioletowy-10246863447"
"284","Smartphones","APPLE IPHONE 8 64GB - WYBÓR KOLORU + GRATISY","1 209,00 zł z kurierem","1799,00 zł","-32%","https://allegro.pl/events/clicks?emission_unit_id=265937ac-ae75-45dd-adc8-1780182a5853&emission_id=31a45e5d-4a53-4639-8e9e-b6431e2f81e6&type=OFFER&ts=1616081350611&redirect=https%3A%2F%2Fallegro.pl%2Foferta%2Fapple-iphone-8-64gb-wybor-koloru-gratisy-8937776979%3Fbi_s%3Dads%26bi_m%3Dlisting%253Adesktop%253Acategory%26bi_c%3DYWY5ZDE5NzQtYjU5Ny00ODg2LTlmZmQtNDU1OTVhMDczZTU0AA%26bi_t%3Dape&placement=listing:desktop:category&sig=c0ba71e1bd2fef360dc959bd52df2d86"
"285","Smartphones","Smartfon Xiaomi POCO M3 4 / 128GB czarny","668,00 zł","739,00 zł","-9%","https://allegro.pl/oferta/smartfon-xiaomi-poco-m3-4-128gb-czarny-10053811247"
"286","Smartphones","CUBOT P30 6,3' 4/64GB LTE ANDROID 9.0 DUAL SIM","498,99 zł z kurierem","850,00 zł","-41%","https://allegro.pl/oferta/cubot-p30-6-3-4-64gb-lte-android-9-0-dual-sim-9064118762"
"287","Smartphones","Smartfon Kruger&Matz LIVE 8 6,08"" 3/64 GB","499,00 zł z kurierem","649,00 zł","-23%","https://allegro.pl/oferta/smartfon-kruger-matz-live-8-6-08-3-64-gb-9963900557"
"288","Smartphones","SMARTFON ARCHOS DIAMOND OMEGA 8/128GB FullHD 8CORE","999,00 zł z kurierem","2499,00 zł","-60%","https://allegro.pl/oferta/smartfon-archos-diamond-omega-8-128gb-fullhd-8core-10212028026"
"289","Smartphones","Smartfon Sony XPERIA L3 / GWARANCJA / SKLEP","332,99 zł z kurierem","749,00 zł","-55%","https://allegro.pl/oferta/smartfon-sony-xperia-l3-gwarancja-sklep-10505224536"
"290","Smartphones","Smartfon Kruger&Matz MOVE 9 DualSIM 2/16 GB","319,00 zł z kurierem","389,00 zł","-17%","https://allegro.pl/oferta/smartfon-kruger-matz-move-9-dualsim-2-16-gb-8769668101"
"291","Smartphones","Smartfon Xiaomi POCO M3 4/64GB Niebieski","599,99 zł","699,00 zł","-14%","https://allegro.pl/oferta/smartfon-xiaomi-poco-m3-4-64gb-niebieski-10131698946"
"292","Smartphones","IDEALNY Apple Iphone XR 64gb - ORYGINALNY zestaw","1 599,00 zł","2499,00 zł","-36%","https://allegro.pl/oferta/idealny-apple-iphone-xr-64gb-oryginalny-zestaw-9974526523"
"293","Smartphones","Oryginalny Samsung Xcover 3 G389F Value Edition","299,00 zł","499,00 zł","-40%","https://allegro.pl/oferta/oryginalny-samsung-xcover-3-g389f-value-edition-9960496047"
"294","Smartphones","Samsung Xcover 4 G390F 16gb + 2gb Grade A- SZKŁO!!","380,00 zł z kurierem","499,00 zł","-23%","https://allegro.pl/oferta/samsung-xcover-4-g390f-16gb-2gb-grade-a-szklo-10220630699"
"295","Smartphones","SMARTFON SAMSUNG SM-M515 GALAXY M51 BLACK 6/128GB","1 299,00 zł","1999,00 zł","-35%","https://allegro.pl/events/clicks?emission_unit_id=423b11ae-199b-4d02-919e-be9f1a3d7315&emission_id=31a45e5d-4a53-4639-8e9e-b6431e2f81e6&type=OFFER&ts=1616081350611&redirect=https%3A%2F%2Fallegro.pl%2Foferta%2Fsmartfon-samsung-sm-m515-galaxy-m51-black-6-128gb-9838356380%3Fbi_s%3Dads%26bi_m%3Dlisting%253Adesktop%253Acategory%26bi_c%3DYzUwMjRiNDctOGIzYS00MTFlLThmMjQtMzMzNTgyNmU3OGYzAA%26bi_t%3Dape&placement=listing:desktop:category&sig=03edad2688e9f1a9f167d4b9779dcce7"
"296","Smartphones","Smartfon Kruger&Matz FLOW 7 3/32 GB DualSIM","399,00 zł z kurierem","549,00 zł","-27%","https://allegro.pl/oferta/smartfon-kruger-matz-flow-7-3-32-gb-dualsim-10064297948"
"297","Smartphones","Telefon Samsung Xcover 4 Roboczy Odporny Gratis","479,00 zł","549,00 zł","-12%","https://allegro.pl/oferta/telefon-samsung-xcover-4-roboczy-odporny-gratis-9633570720"
"298","Smartphones","SMARTFON APPLE IPHONE 7 32GB CZARNY + SZKŁO | BOX","699,00 zł z kurierem","899,00 zł","-22%","https://allegro.pl/oferta/smartfon-apple-iphone-7-32gb-czarny-szklo-box-10175717805"
"299","Smartphones","Smartfon Xiaomi POCO M3 4 / 64GB czarny","649,00 zł","749,00 zł","-13%","https://allegro.pl/oferta/smartfon-xiaomi-poco-m3-4-64gb-czarny-10203724357"
"300","Smartphones","Telefon seniora Kruger&Matz Simple 930 SOS","169,00 zł z kurierem","249,00 zł","-32%","https://allegro.pl/oferta/telefon-seniora-kruger-matz-simple-930-sos-10033897408"
